scenario,frame,tick_ms,end_to_end_ms,input_read_ms,pipeline_ms,output_write_ms,tick_duration_ms,runtime_orchestrator_rebuild_count,runtime_orchestrator_rebuild_reason,write_status,wrote_this_tick
axis_sine_fake,0,16,8.328,0.121,1.863,0.046,4.133,1,startup,fake_write_recorded,True
axis_sine_fake,1,16,5.748,0.09,1.226,0.046,2.25,1,startup,skipped_rate_limited,False
axis_sine_fake,2,16,6.346,0.128,0.977,0.046,2.255,1,startup,skipped_rate_limited,False
axis_sine_fake,3,16,4.868,0.097,0.919,0.02,1.685,1,startup,fake_write_recorded,True
axis_sine_fake,4,16,6.161,0.093,1.241,0.02,2.324,1,startup,skipped_rate_limited,False
axis_sine_fake,5,16,5.675,0.142,1.163,0.02,2.405,1,startup,skipped_rate_limited,False
axis_sine_fake,6,16,6.427,0.106,0.889,0.066,1.794,1,startup,fake_write_recorded,True
axis_sine_fake,7,16,5.541,0.14,1.256,0.066,2.471,1,startup,skipped_rate_limited,False
axis_sine_fake,8,16,6.046,0.11,1.292,0.066,2.354,1,startup,skipped_rate_limited,False
axis_sine_fake,9,16,6.754,0.107,1.637,0.019,2.774,1,startup,fake_write_recorded,True
axis_sine_fake,10,16,5.725,0.089,0.973,0.019,1.727,1,startup,skipped_rate_limited,False
axis_sine_fake,11,16,6.145,0.167,1.106,0.019,2.713,1,startup,skipped_rate_limited,False
axis_sine_fake,12,16,5.615,0.113,1.053,0.023,1.86,1,startup,fake_write_recorded,True
axis_sine_fake,13,16,6.238,0.091,1.773,0.023,2.787,1,startup,skipped_rate_limited,False
axis_sine_fake,14,16,4.825,0.089,0.832,0.023,1.72,1,startup,skipped_rate_limited,False
axis_sine_fake,15,16,5.378,0.124,1.126,0.023,2.201,1,startup,fake_write_recorded,True
axis_sine_fake,16,16,5.263,0.121,1.265,0.023,2.209,1,startup,skipped_rate_limited,False
axis_sine_fake,17,16,4.832,0.087,0.843,0.023,1.6,1,startup,skipped_rate_limited,False
axis_sine_fake,18,16,5.156,0.139,1.207,0.033,2.109,1,startup,fake_write_recorded,True
axis_sine_fake,19,16,6.012,0.184,1.834,0.033,2.988,1,startup,skipped_rate_limited,False
axis_sine_fake,20,16,6.671,0.112,1.132,0.033,2.058,1,startup,skipped_rate_limited,False
axis_sine_fake,21,16,5.738,0.124,1.247,0.021,2.358,1,startup,fake_write_recorded,True
axis_sine_fake,22,16,5.515,0.086,0.972,0.021,1.709,1,startup,skipped_rate_limited,False
axis_sine_fake,23,16,7.587,0.097,1.331,0.021,2.368,1,startup,skipped_rate_limited,False
axis_sine_fake,24,16,7.836,0.093,1.663,0.024,2.57,1,startup,fake_write_recorded,True
axis_sine_fake,25,16,6.686,0.228,1.277,0.024,2.495,1,startup,skipped_rate_limited,False
axis_sine_fake,26,16,8.888,0.127,1.515,0.024,2.694,1,startup,skipped_rate_limited,False
axis_sine_fake,27,16,6.541,0.164,1.101,0.026,2.544,1,startup,fake_write_recorded,True
axis_sine_fake,28,16,8.318,0.199,1.542,0.026,2.893,1,startup,skipped_rate_limited,False
axis_sine_fake,29,16,5.167,0.093,0.922,0.026,1.73,1,startup,skipped_rate_limited,False
axis_sine_fake,30,16,8.022,0.194,2.68,0.032,4.328,1,startup,fake_write_recorded,True
axis_sine_fake,31,16,4.801,0.104,0.756,0.032,1.618,1,startup,skipped_rate_limited,False
axis_sine_fake,32,16,6.669,0.086,1.555,0.032,2.545,1,startup,skipped_rate_limited,False
axis_sine_fake,33,16,5.089,0.097,0.831,0.015,1.587,1,startup,fake_write_recorded,True
axis_sine_fake,34,16,7.247,0.205,1.455,0.015,2.772,1,startup,skipped_rate_limited,False
axis_sine_fake,35,16,5.548,0.134,1.169,0.015,2.428,1,startup,skipped_rate_limited,False
axis_sine_fake,36,16,6.358,0.087,1.567,0.025,2.467,1,startup,fake_write_recorded,True
axis_sine_fake,37,16,6.381,0.097,1.264,0.025,2.114,1,startup,skipped_rate_limited,False
axis_sine_fake,38,16,6.525,0.091,1.305,0.025,2.169,1,startup,skipped_rate_limited,False
axis_sine_fake,39,16,6.721,0.138,1.273,0.021,2.545,1,startup,fake_write_recorded,True
axis_sine_fake,40,16,6.502,0.097,1.291,0.021,2.599,1,startup,skipped_rate_limited,False
axis_sine_fake,41,16,5.882,0.109,1.347,0.021,2.282,1,startup,skipped_rate_limited,False
axis_sine_fake,42,16,6.003,0.117,0.832,0.015,1.726,1,startup,fake_write_recorded,True
axis_sine_fake,43,16,6.176,0.196,1.257,0.015,2.467,1,startup,skipped_rate_limited,False
axis_sine_fake,44,16,5.109,0.087,1.254,0.015,2.096,1,startup,skipped_rate_limited,False
axis_sine_fake,45,16,5.635,0.085,1.032,0.015,1.793,1,startup,fake_write_recorded,True
axis_sine_fake,46,16,5.089,0.218,0.972,0.015,1.971,1,startup,skipped_rate_limited,False
axis_sine_fake,47,16,5.347,0.164,0.982,0.015,2.008,1,startup,skipped_rate_limited,False
axis_sine_fake,48,16,5.383,0.093,1.168,0.023,2.116,1,startup,fake_write_recorded,True
axis_sine_fake,49,16,4.99,0.085,0.732,0.023,1.46,1,startup,skipped_rate_limited,False
axis_sine_fake,50,16,5.202,0.084,0.821,0.023,1.559,1,startup,skipped_rate_limited,False
axis_sine_fake,51,16,5.657,0.124,1.561,0.018,2.595,1,startup,fake_write_recorded,True
axis_sine_fake,52,16,5.815,0.166,0.893,0.018,1.859,1,startup,skipped_rate_limited,False
axis_sine_fake,53,16,4.969,0.144,1.238,0.018,2.252,1,startup,skipped_rate_limited,False
axis_sine_fake,54,16,5.923,0.083,1.293,0.022,2.596,1,startup,fake_write_recorded,True
axis_sine_fake,55,16,5.701,0.089,1.336,0.022,2.321,1,startup,skipped_rate_limited,False
axis_sine_fake,56,16,7.163,0.096,1.563,0.022,2.789,1,startup,skipped_rate_limited,False
axis_sine_fake,57,16,6.38,0.312,1.197,0.019,2.924,1,startup,fake_write_recorded,True
axis_sine_fake,58,16,5.076,0.097,0.955,0.019,1.929,1,startup,skipped_rate_limited,False
axis_sine_fake,59,16,8.121,0.086,2.166,0.019,3.7,1,startup,skipped_rate_limited,False
axis_sine_fake,60,16,5.561,0.089,1.162,0.018,1.993,1,startup,fake_write_recorded,True
axis_sine_fake,61,16,6.61,0.182,1.324,0.018,2.562,1,startup,skipped_rate_limited,False
axis_sine_fake,62,16,5.099,0.125,0.953,0.018,1.95,1,startup,skipped_rate_limited,False
axis_sine_fake,63,16,6.058,0.09,1.33,0.019,2.172,1,startup,fake_write_recorded,True
axis_sine_fake,64,16,5.556,0.094,1.063,0.019,2.287,1,startup,skipped_rate_limited,False
axis_sine_fake,65,16,6.952,0.128,1.24,0.019,2.592,1,startup,skipped_rate_limited,False
axis_sine_fake,66,16,4.949,0.101,1.435,0.083,2.308,1,startup,fake_write_recorded,True
axis_sine_fake,67,16,4.755,0.085,0.923,0.083,1.675,1,startup,skipped_rate_limited,False
axis_sine_fake,68,16,5.665,0.086,1.131,0.083,1.93,1,startup,skipped_rate_limited,False
axis_sine_fake,69,16,5.122,0.103,0.956,0.017,1.796,1,startup,fake_write_recorded,True
axis_sine_fake,70,16,6.22,0.106,1.329,0.017,2.403,1,startup,skipped_rate_limited,False
axis_sine_fake,71,16,5.65,0.093,1.251,0.017,2.316,1,startup,skipped_rate_limited,False
axis_sine_fake,72,16,6.604,0.098,1.486,0.021,2.386,1,startup,fake_write_recorded,True
axis_sine_fake,73,16,6.6,0.149,1.103,0.021,2.703,1,startup,skipped_rate_limited,False
axis_sine_fake,74,16,6.377,0.091,1.353,0.021,2.155,1,startup,skipped_rate_limited,False
axis_sine_fake,75,16,5.271,0.102,1.035,0.019,1.918,1,startup,fake_write_recorded,True
axis_sine_fake,76,16,4.465,0.088,0.747,0.019,1.495,1,startup,skipped_rate_limited,False
axis_sine_fake,77,16,6.121,0.098,1.414,0.019,2.409,1,startup,skipped_rate_limited,False
axis_sine_fake,78,16,4.814,0.095,1.219,0.018,2.001,1,startup,fake_write_recorded,True
axis_sine_fake,79,16,5.907,0.092,0.731,0.018,1.548,1,startup,skipped_rate_limited,False
axis_sine_fake,80,16,5.188,0.308,1.0,0.018,2.636,1,startup,skipped_rate_limited,False
axis_sine_fake,81,16,5.78,0.088,0.913,0.027,2.001,1,startup,fake_write_recorded,True
axis_sine_fake,82,16,5.912,0.172,1.057,0.027,2.428,1,startup,skipped_rate_limited,False
axis_sine_fake,83,16,6.919,0.13,1.005,0.027,2.105,1,startup,skipped_rate_limited,False
axis_sine_fake,84,16,6.153,0.095,1.462,0.019,2.624,1,startup,fake_write_recorded,True
axis_sine_fake,85,16,5.421,0.137,0.891,0.019,1.723,1,startup,skipped_rate_limited,False
axis_sine_fake,86,16,8.929,0.399,2.189,0.019,4.901,1,startup,skipped_rate_limited,False
axis_sine_fake,87,16,4.916,0.088,0.956,0.025,1.695,1,startup,fake_write_recorded,True
axis_sine_fake,88,16,8.143,0.128,2.006,0.025,3.607,1,startup,skipped_rate_limited,False
axis_sine_fake,89,16,6.49,0.101,0.867,0.025,1.666,1,startup,skipped_rate_limited,False
axis_sine_fake,90,16,8.009,0.178,1.257,0.024,3.4,1,startup,fake_write_recorded,True
axis_sine_fake,91,16,6.424,0.09,1.352,0.024,2.295,1,startup,skipped_rate_limited,False
axis_sine_fake,92,16,6.866,0.135,1.811,0.024,3.347,1,startup,skipped_rate_limited,False
axis_sine_fake,93,16,7.008,0.138,1.034,0.023,2.683,1,startup,fake_write_recorded,True
axis_sine_fake,94,16,5.735,0.188,1.136,0.023,2.586,1,startup,skipped_rate_limited,False
axis_sine_fake,95,16,6.443,0.167,0.972,0.023,2.245,1,startup,skipped_rate_limited,False
axis_sine_fake,96,16,6.507,0.12,0.961,0.018,2.062,1,startup,fake_write_recorded,True
axis_sine_fake,97,16,5.545,0.112,1.077,0.018,1.956,1,startup,skipped_rate_limited,False
axis_sine_fake,98,16,5.507,0.087,1.464,0.018,2.612,1,startup,skipped_rate_limited,False
axis_sine_fake,99,16,5.107,0.109,1.083,0.018,1.911,1,startup,fake_write_recorded,True
axis_sine_fake,100,16,5.283,0.083,1.196,0.018,2.143,1,startup,skipped_rate_limited,False
axis_sine_fake,101,16,20.108,0.114,15.227,0.018,16.314,1,startup,skipped_rate_limited,False
axis_sine_fake,102,16,5.85,0.099,1.303,0.021,2.332,1,startup,fake_write_recorded,True
axis_sine_fake,103,16,5.3,0.086,0.933,0.021,1.951,1,startup,skipped_rate_limited,False
axis_sine_fake,104,16,8.2,0.244,2.214,0.021,3.967,1,startup,skipped_rate_limited,False
axis_sine_fake,105,16,6.672,0.106,1.453,0.027,2.586,1,startup,fake_write_recorded,True
axis_sine_fake,106,16,5.135,0.091,0.792,0.027,1.629,1,startup,skipped_rate_limited,False
axis_sine_fake,107,16,6.115,0.089,1.263,0.027,2.141,1,startup,skipped_rate_limited,False
axis_sine_fake,108,16,5.197,0.177,1.069,0.017,2.206,1,startup,fake_write_recorded,True
axis_sine_fake,109,16,5.382,0.117,0.825,0.017,1.632,1,startup,skipped_rate_limited,False
axis_sine_fake,110,16,5.562,0.139,1.098,0.017,2.313,1,startup,skipped_rate_limited,False
axis_sine_fake,111,16,6.022,0.125,1.312,0.03,2.54,1,startup,fake_write_recorded,True
axis_sine_fake,112,16,5.644,0.098,1.332,0.03,2.541,1,startup,skipped_rate_limited,False
axis_sine_fake,113,16,4.989,0.095,1.049,0.03,1.993,1,startup,skipped_rate_limited,False
axis_sine_fake,114,16,6.43,0.105,1.407,0.032,2.458,1,startup,fake_write_recorded,True
axis_sine_fake,115,16,5.59,0.099,0.989,0.032,1.94,1,startup,skipped_rate_limited,False
axis_sine_fake,116,16,6.485,0.086,1.279,0.032,2.188,1,startup,skipped_rate_limited,False
axis_sine_fake,117,16,4.756,0.093,0.824,0.015,1.564,1,startup,fake_write_recorded,True
axis_sine_fake,118,16,6.969,0.087,1.639,0.015,2.549,1,startup,skipped_rate_limited,False
axis_sine_fake,119,16,5.243,0.135,1.05,0.015,2.118,1,startup,skipped_rate_limited,False
axis_sine_fake,120,16,5.462,0.09,0.798,0.015,1.568,1,startup,fake_write_recorded,True
axis_sine_fake,121,16,6.992,0.272,1.303,0.015,3.186,1,startup,skipped_rate_limited,False
axis_sine_fake,122,16,5.463,0.143,1.321,0.015,2.364,1,startup,skipped_rate_limited,False
axis_sine_fake,123,16,5.863,0.141,1.05,0.019,2.194,1,startup,fake_write_recorded,True
axis_sine_fake,124,16,5.003,0.086,0.762,0.019,1.516,1,startup,skipped_rate_limited,False
axis_sine_fake,125,16,4.98,0.085,0.833,0.019,1.597,1,startup,skipped_rate_limited,False
axis_sine_fake,126,16,5.767,0.158,1.372,0.02,2.522,1,startup,fake_write_recorded,True
axis_sine_fake,127,16,6.027,0.139,0.875,0.02,2.041,1,startup,skipped_rate_limited,False
axis_sine_fake,128,16,5.778,0.093,1.101,0.02,1.909,1,startup,skipped_rate_limited,False
axis_sine_fake,129,16,5.185,0.107,0.922,0.019,2.03,1,startup,fake_write_recorded,True
axis_sine_fake,130,16,4.928,0.112,1.021,0.019,2.027,1,startup,skipped_rate_limited,False
axis_sine_fake,131,16,5.176,0.094,0.943,0.019,1.795,1,startup,skipped_rate_limited,False
axis_sine_fake,132,16,5.237,0.137,1.007,0.019,2.095,1,startup,fake_write_recorded,True
axis_sine_fake,133,16,4.613,0.081,0.778,0.019,1.681,1,startup,skipped_rate_limited,False
axis_sine_fake,134,16,5.19,0.079,0.953,0.019,1.718,1,startup,skipped_rate_limited,False
axis_sine_fake,135,16,5.455,0.183,1.56,0.023,2.616,1,startup,fake_write_recorded,True
axis_sine_fake,136,16,4.987,0.093,1.048,0.023,1.793,1,startup,skipped_rate_limited,False
axis_sine_fake,137,16,6.843,0.107,1.495,0.023,2.767,1,startup,skipped_rate_limited,False
axis_sine_fake,138,16,6.829,0.143,1.31,0.022,2.145,1,startup,fake_write_recorded,True
axis_sine_fake,139,16,6.75,0.131,1.736,0.022,2.917,1,startup,skipped_rate_limited,False
axis_sine_fake,140,16,6.069,0.177,1.476,0.022,2.954,1,startup,skipped_rate_limited,False
axis_sine_fake,141,16,5.141,0.083,1.132,0.014,2.372,1,startup,fake_write_recorded,True
axis_sine_fake,142,16,7.037,0.119,0.815,0.014,1.678,1,startup,skipped_rate_limited,False
axis_sine_fake,143,16,5.526,0.099,1.226,0.014,2.385,1,startup,skipped_rate_limited,False
axis_sine_fake,144,16,6.717,0.149,1.631,0.024,2.928,1,startup,fake_write_recorded,True
axis_sine_fake,145,16,6.941,0.141,1.169,0.024,2.372,1,startup,skipped_rate_limited,False
axis_sine_fake,146,16,6.93,0.218,0.998,0.024,2.917,1,startup,skipped_rate_limited,False
axis_sine_fake,147,16,5.714,0.087,0.958,0.019,1.663,1,startup,fake_write_recorded,True
axis_sine_fake,148,16,6.489,0.122,1.218,0.019,2.4,1,startup,skipped_rate_limited,False
axis_sine_fake,149,16,5.788,0.085,1.194,0.019,2.001,1,startup,skipped_rate_limited,False
axis_sine_fake,150,16,7.044,0.105,1.294,0.024,3.224,1,startup,fake_write_recorded,True
axis_sine_fake,151,16,5.462,0.087,0.781,0.024,1.695,1,startup,skipped_rate_limited,False
axis_sine_fake,152,16,5.914,0.116,1.366,0.024,2.562,1,startup,skipped_rate_limited,False
axis_sine_fake,153,16,5.061,0.09,0.833,0.015,1.665,1,startup,fake_write_recorded,True
axis_sine_fake,154,16,7.101,0.157,1.423,0.015,2.649,1,startup,skipped_rate_limited,False
axis_sine_fake,155,16,6.605,0.337,1.097,0.015,2.479,1,startup,skipped_rate_limited,False
axis_sine_fake,156,16,6.733,0.18,1.469,0.028,3.085,1,startup,fake_write_recorded,True
axis_sine_fake,157,16,5.109,0.17,0.783,0.028,1.651,1,startup,skipped_rate_limited,False
axis_sine_fake,158,16,6.613,0.113,1.566,0.028,2.846,1,startup,skipped_rate_limited,False
axis_sine_fake,159,16,5.381,0.152,1.133,0.017,2.415,1,startup,fake_write_recorded,True
axis_sine_fake,160,16,6.556,0.123,1.603,0.017,2.626,1,startup,skipped_rate_limited,False
axis_sine_fake,161,16,5.496,0.102,1.604,0.017,2.44,1,startup,skipped_rate_limited,False
axis_sine_fake,162,16,5.884,0.12,1.267,0.018,2.148,1,startup,fake_write_recorded,True
axis_sine_fake,163,16,5.925,0.091,1.233,0.018,2.246,1,startup,skipped_rate_limited,False
axis_sine_fake,164,16,5.111,0.088,0.891,0.018,1.809,1,startup,skipped_rate_limited,False
axis_sine_fake,165,16,5.799,0.106,1.005,0.025,1.755,1,startup,fake_write_recorded,True
axis_sine_fake,166,16,6.004,0.133,0.829,0.025,1.942,1,startup,skipped_rate_limited,False
axis_sine_fake,167,16,5.475,0.117,1.074,0.025,1.942,1,startup,skipped_rate_limited,False
axis_sine_fake,168,16,5.098,0.085,0.884,0.024,1.691,1,startup,fake_write_recorded,True
axis_sine_fake,169,16,5.12,0.085,0.819,0.024,1.689,1,startup,skipped_rate_limited,False
axis_sine_fake,170,16,5.289,0.149,1.112,0.024,2.204,1,startup,skipped_rate_limited,False
axis_sine_fake,171,16,5.254,0.084,1.013,0.027,2.273,1,startup,fake_write_recorded,True
axis_sine_fake,172,16,7.876,0.088,1.305,0.027,2.367,1,startup,skipped_rate_limited,False
axis_sine_fake,173,16,5.082,0.104,1.111,0.027,2.231,1,startup,skipped_rate_limited,False
axis_sine_fake,174,16,5.955,0.117,1.222,0.017,2.346,1,startup,fake_write_recorded,True
axis_sine_fake,175,16,5.539,0.093,0.922,0.017,1.805,1,startup,skipped_rate_limited,False
axis_sine_fake,176,16,4.807,0.174,0.972,0.017,2.199,1,startup,skipped_rate_limited,False
axis_sine_fake,177,16,5.773,0.144,1.4,0.029,2.528,1,startup,fake_write_recorded,True
axis_sine_fake,178,16,5.49,0.117,1.068,0.029,2.154,1,startup,skipped_rate_limited,False
axis_sine_fake,179,16,6.504,0.142,1.159,0.029,2.267,1,startup,skipped_rate_limited,False
axis_sharp_step_sine_fake,0,16,8.122,0.168,2.392,0.031,4.166,1,startup,fake_write_recorded,True
axis_sharp_step_sine_fake,1,16,7.997,0.091,1.269,0.031,2.232,1,startup,skipped_rate_limited,False
axis_sharp_step_sine_fake,2,16,5.376,0.148,0.831,0.031,1.848,1,startup,skipped_rate_limited,False
axis_sharp_step_sine_fake,3,16,7.989,0.082,2.033,0.03,2.789,1,startup,fake_write_recorded,True
axis_sharp_step_sine_fake,4,16,5.559,0.111,1.032,0.03,1.937,1,startup,skipped_rate_limited,False
axis_sharp_step_sine_fake,5,16,6.65,0.1,0.918,0.03,1.785,1,startup,skipped_rate_limited,False
axis_sharp_step_sine_fake,6,16,5.313,0.138,1.188,0.027,2.311,1,startup,fake_write_recorded,True
axis_sharp_step_sine_fake,7,16,6.765,0.232,1.471,0.027,2.635,1,startup,skipped_rate_limited,False
axis_sharp_step_sine_fake,8,16,5.609,0.096,1.033,0.027,2.347,1,startup,skipped_rate_limited,False
axis_sharp_step_sine_fake,9,16,5.07,0.147,0.81,0.014,1.63,1,startup,fake_write_recorded,True
axis_sharp_step_sine_fake,10,16,6.451,0.102,1.274,0.014,2.315,1,startup,skipped_rate_limited,False
axis_sharp_step_sine_fake,11,16,5.287,0.089,0.872,0.014,1.771,1,startup,skipped_rate_limited,False
axis_sharp_step_sine_fake,12,16,7.045,0.136,1.316,0.024,2.44,1,startup,fake_write_recorded,True
axis_sharp_step_sine_fake,13,16,6.31,0.201,0.988,0.024,2.072,1,startup,skipped_rate_limited,False
axis_sharp_step_sine_fake,14,16,7.764,0.113,2.248,0.024,3.537,1,startup,skipped_rate_limited,False
axis_sharp_step_sine_fake,15,16,6.778,0.145,1.51,0.021,2.768,1,startup,fake_write_recorded,True
axis_sharp_step_sine_fake,16,16,6.158,0.135,0.964,0.021,2.014,1,startup,skipped_rate_limited,False
axis_sharp_step_sine_fake,17,16,6.438,0.115,1.131,0.021,2.178,1,startup,skipped_rate_limited,False
axis_sharp_step_sine_fake,18,16,8.349,0.095,1.585,0.031,2.895,1,startup,fake_write_recorded,True
axis_sharp_step_sine_fake,19,16,5.333,0.093,0.816,0.031,1.716,1,startup,skipped_rate_limited,False
axis_sharp_step_sine_fake,20,16,7.039,0.127,0.917,0.031,2.617,1,startup,skipped_rate_limited,False
axis_sharp_step_sine_fake,21,16,5.448,0.094,1.212,0.024,2.434,1,startup,fake_write_recorded,True
axis_sharp_step_sine_fake,22,16,7.406,0.125,1.743,0.024,2.971,1,startup,skipped_rate_limited,False
axis_sharp_step_sine_fake,23,16,4.671,0.091,0.955,0.024,1.737,1,startup,skipped_rate_limited,False
axis_sharp_step_sine_fake,24,16,8.896,0.107,1.162,0.018,2.344,1,startup,fake_write_recorded,True
axis_sharp_step_sine_fake,25,16,6.042,0.096,1.309,0.018,2.191,1,startup,skipped_rate_limited,False
axis_sharp_step_sine_fake,26,16,7.384,0.111,1.371,0.018,2.851,1,startup,skipped_rate_limited,False
axis_sharp_step_sine_fake,27,16,4.769,0.093,0.994,0.018,2.003,1,startup,fake_write_recorded,True
axis_sharp_step_sine_fake,28,16,8.459,0.088,1.422,0.018,2.975,1,startup,skipped_rate_limited,False
axis_sharp_step_sine_fake,29,16,5.746,0.1,1.247,0.018,2.281,1,startup,skipped_rate_limited,False
axis_sharp_step_sine_fake,30,16,8.001,0.116,2.059,0.035,3.116,1,startup,fake_write_recorded,True
axis_sharp_step_sine_fake,31,16,4.543,0.116,0.798,0.035,1.644,1,startup,skipped_rate_limited,False
axis_sharp_step_sine_fake,32,16,7.812,0.148,1.498,0.035,2.543,1,startup,skipped_rate_limited,False
axis_sharp_step_sine_fake,33,16,5.126,0.187,0.997,0.019,2.065,1,startup,fake_write_recorded,True
axis_sharp_step_sine_fake,34,16,7.18,0.086,1.594,0.019,2.527,1,startup,skipped_rate_limited,False
axis_sharp_step_sine_fake,35,16,5.509,0.102,0.965,0.019,2.003,1,startup,skipped_rate_limited,False
axis_sharp_step_sine_fake,36,16,6.277,0.089,1.612,0.033,2.441,1,startup,fake_write_recorded,True
axis_sharp_step_sine_fake,37,16,5.296,0.131,0.843,0.033,2.261,1,startup,skipped_rate_limited,False
axis_sharp_step_sine_fake,38,16,5.771,0.085,1.385,0.033,2.208,1,startup,skipped_rate_limited,False
axis_sharp_step_sine_fake,39,16,6.038,0.094,0.979,0.019,1.833,1,startup,fake_write_recorded,True
axis_sharp_step_sine_fake,40,16,6.521,0.093,1.616,0.019,2.57,1,startup,skipped_rate_limited,False
axis_sharp_step_sine_fake,41,16,6.144,0.178,0.899,0.019,2.064,1,startup,skipped_rate_limited,False
axis_sharp_step_sine_fake,42,16,5.43,0.134,1.307,0.024,2.278,1,startup,fake_write_recorded,True
axis_sharp_step_sine_fake,43,16,7.7,0.231,1.651,0.024,3.271,1,startup,skipped_rate_limited,False
axis_sharp_step_sine_fake,44,16,5.739,0.159,1.282,0.024,2.365,1,startup,skipped_rate_limited,False
axis_sharp_step_sine_fake,45,16,7.148,0.157,1.36,0.022,2.76,1,startup,fake_write_recorded,True
axis_sharp_step_sine_fake,46,16,5.419,0.096,1.169,0.022,2.149,1,startup,skipped_rate_limited,False
axis_sharp_step_sine_fake,47,16,6.081,0.104,0.837,0.022,1.562,1,startup,skipped_rate_limited,False
axis_sharp_step_sine_fake,48,16,5.94,0.11,1.208,0.018,2.294,1,startup,fake_write_recorded,True
axis_sharp_step_sine_fake,49,16,5.487,0.109,1.051,0.018,1.99,1,startup,skipped_rate_limited,False
axis_sharp_step_sine_fake,50,16,6.927,0.125,1.489,0.018,3.156,1,startup,skipped_rate_limited,False
axis_sharp_step_sine_fake,51,16,4.615,0.09,0.937,0.014,1.72,1,startup,fake_write_recorded,True
axis_sharp_step_sine_fake,52,16,6.57,0.128,1.018,0.014,2.503,1,startup,skipped_rate_limited,False
axis_sharp_step_sine_fake,53,16,4.651,0.09,1.008,0.014,1.826,1,startup,skipped_rate_limited,False
axis_sharp_step_sine_fake,54,16,6.553,0.086,1.265,0.028,2.066,1,startup,fake_write_recorded,True
axis_sharp_step_sine_fake,55,16,5.532,0.116,1.226,0.028,2.122,1,startup,skipped_rate_limited,False
axis_sharp_step_sine_fake,56,16,4.909,0.103,0.823,0.028,1.595,1,startup,skipped_rate_limited,False
axis_sharp_step_sine_fake,57,16,6.078,0.152,1.364,0.051,2.9,1,startup,fake_write_recorded,True
axis_sharp_step_sine_fake,58,16,4.913,0.088,0.827,0.051,1.716,1,startup,skipped_rate_limited,False
axis_sharp_step_sine_fake,59,16,8.188,0.121,2.164,0.051,3.509,1,startup,skipped_rate_limited,False
axis_sharp_step_sine_fake,60,16,4.778,0.165,0.864,0.016,1.881,1,startup,fake_write_recorded,True
axis_sharp_step_sine_fake,61,16,8.289,0.152,1.137,0.016,2.387,1,startup,skipped_rate_limited,False
axis_sharp_step_sine_fake,62,16,5.161,0.132,0.857,0.016,1.889,1,startup,skipped_rate_limited,False
axis_sharp_step_sine_fake,63,16,7.928,0.093,1.314,0.021,2.462,1,startup,fake_write_recorded,True
axis_sharp_step_sine_fake,64,16,6.044,0.095,1.81,0.021,2.622,1,startup,skipped_rate_limited,False
axis_sharp_step_sine_fake,65,16,7.826,0.143,1.384,0.021,2.953,1,startup,skipped_rate_limited,False
axis_sharp_step_sine_fake,66,16,5.345,0.205,1.109,0.023,2.36,1,startup,fake_write_recorded,True
axis_sharp_step_sine_fake,67,16,8.871,0.129,3.254,0.023,4.597,1,startup,skipped_rate_limited,False
axis_sharp_step_sine_fake,68,16,4.788,0.09,0.849,0.023,1.678,1,startup,skipped_rate_limited,False
axis_sharp_step_sine_fake,69,16,7.07,0.138,2.312,0.025,3.628,1,startup,fake_write_recorded,True
axis_sharp_step_sine_fake,70,16,5.177,0.113,0.888,0.025,1.65,1,startup,skipped_rate_limited,False
axis_sharp_step_sine_fake,71,16,8.382,0.172,1.701,0.025,2.96,1,startup,skipped_rate_limited,False
axis_sharp_step_sine_fake,72,16,5.118,0.115,1.149,0.021,2.029,1,startup,fake_write_recorded,True
axis_sharp_step_sine_fake,73,16,6.046,0.094,0.77,0.021,1.664,1,startup,skipped_rate_limited,False
axis_sharp_step_sine_fake,74,16,5.391,0.097,0.824,0.021,1.881,1,startup,skipped_rate_limited,False
axis_sharp_step_sine_fake,75,16,4.302,0.085,0.876,0.015,1.588,1,startup,fake_write_recorded,True
axis_sharp_step_sine_fake,76,16,6.032,0.134,1.285,0.015,2.628,1,startup,skipped_rate_limited,False
axis_sharp_step_sine_fake,77,16,6.078,0.144,1.065,0.015,2.218,1,startup,skipped_rate_limited,False
axis_sharp_step_sine_fake,78,16,6.908,0.13,1.703,0.025,2.978,1,startup,fake_write_recorded,True
axis_sharp_step_sine_fake,79,16,5.199,0.09,0.912,0.025,2.204,1,startup,skipped_rate_limited,False
axis_sharp_step_sine_fake,80,16,6.269,0.14,0.968,0.025,2.05,1,startup,skipped_rate_limited,False
axis_sharp_step_sine_fake,81,16,5.976,0.122,1.54,0.022,2.591,1,startup,fake_write_recorded,True
axis_sharp_step_sine_fake,82,16,6.969,0.167,1.271,0.022,2.436,1,startup,skipped_rate_limited,False
axis_sharp_step_sine_fake,83,16,5.728,0.095,1.723,0.022,2.638,1,startup,skipped_rate_limited,False
axis_sharp_step_sine_fake,84,16,6.616,0.121,1.197,0.021,2.233,1,startup,fake_write_recorded,True
axis_sharp_step_sine_fake,85,16,5.252,0.123,1.007,0.021,2.27,1,startup,skipped_rate_limited,False
axis_sharp_step_sine_fake,86,16,5.676,0.112,0.774,0.021,1.52,1,startup,skipped_rate_limited,False
axis_sharp_step_sine_fake,87,16,6.254,0.205,1.265,0.023,2.485,1,startup,fake_write_recorded,True
axis_sharp_step_sine_fake,88,16,4.504,0.086,0.821,0.023,1.6,1,startup,skipped_rate_limited,False
axis_sharp_step_sine_fake,89,16,7.464,0.121,1.539,0.023,2.892,1,startup,skipped_rate_limited,False
axis_sharp_step_sine_fake,90,16,5.907,0.176,1.018,0.017,2.364,1,startup,fake_write_recorded,True
axis_sharp_step_sine_fake,91,16,7.999,0.081,1.285,0.017,2.493,1,startup,skipped_rate_limited,False
axis_sharp_step_sine_fake,92,16,5.523,0.091,0.992,0.017,1.825,1,startup,skipped_rate_limited,False
axis_sharp_step_sine_fake,93,16,7.23,0.09,2.348,0.032,3.752,1,startup,fake_write_recorded,True
axis_sharp_step_sine_fake,94,16,5.653,0.125,0.86,0.032,2.106,1,startup,skipped_rate_limited,False
axis_sharp_step_sine_fake,95,16,7.699,0.127,2.059,0.032,4.288,1,startup,skipped_rate_limited,False
axis_sharp_step_sine_fake,96,16,4.853,0.089,0.916,0.017,1.664,1,startup,fake_write_recorded,True
axis_sharp_step_sine_fake,97,16,7.535,0.176,1.251,0.017,2.801,1,startup,skipped_rate_limited,False
axis_sharp_step_sine_fake,98,16,5.219,0.129,1.166,0.017,2.327,1,startup,skipped_rate_limited,False
axis_sharp_step_sine_fake,99,16,8.148,0.098,1.22,0.017,2.586,1,startup,fake_write_recorded,True
axis_sharp_step_sine_fake,100,16,4.93,0.101,0.865,0.017,1.804,1,startup,skipped_rate_limited,False
axis_sharp_step_sine_fake,101,16,6.816,0.116,1.49,0.017,2.292,1,startup,skipped_rate_limited,False
axis_sharp_step_sine_fake,102,16,5.45,0.099,1.149,0.018,2.297,1,startup,fake_write_recorded,True
axis_sharp_step_sine_fake,103,16,5.372,0.108,1.322,0.018,2.121,1,startup,skipped_rate_limited,False
axis_sharp_step_sine_fake,104,16,6.089,0.135,1.563,0.018,2.822,1,startup,skipped_rate_limited,False
axis_sharp_step_sine_fake,105,16,5.77,0.096,1.052,0.018,1.933,1,startup,fake_write_recorded,True
axis_sharp_step_sine_fake,106,16,5.822,0.089,1.202,0.018,2.316,1,startup,skipped_rate_limited,False
axis_sharp_step_sine_fake,107,16,5.429,0.09,0.809,0.018,1.644,1,startup,skipped_rate_limited,False
axis_sharp_step_sine_fake,108,16,5.744,0.09,0.903,0.015,2.096,1,startup,fake_write_recorded,True
axis_sharp_step_sine_fake,109,16,5.141,0.116,0.807,0.015,1.632,1,startup,skipped_rate_limited,False
axis_sharp_step_sine_fake,110,16,6.647,0.117,1.186,0.015,2.285,1,startup,skipped_rate_limited,False
axis_sharp_step_sine_fake,111,16,6.451,0.112,1.911,0.032,2.912,1,startup,fake_write_recorded,True
axis_sharp_step_sine_fake,112,16,6.486,0.121,0.801,0.032,1.825,1,startup,skipped_rate_limited,False
axis_sharp_step_sine_fake,113,16,6.416,0.352,0.834,0.032,2.397,1,startup,skipped_rate_limited,False
axis_sharp_step_sine_fake,114,16,5.615,0.087,1.087,0.022,1.99,1,startup,fake_write_recorded,True
axis_sharp_step_sine_fake,115,16,7.369,0.093,1.524,0.022,3.017,1,startup,skipped_rate_limited,False
axis_sharp_step_sine_fake,116,16,5.865,0.117,1.091,0.022,1.95,1,startup,skipped_rate_limited,False
axis_sharp_step_sine_fake,117,16,6.659,0.335,0.921,0.015,2.968,1,startup,fake_write_recorded,True
axis_sharp_step_sine_fake,118,16,5.516,0.186,0.813,0.015,2.002,1,startup,skipped_rate_limited,False
axis_sharp_step_sine_fake,119,16,6.81,0.092,2.411,0.015,3.29,1,startup,skipped_rate_limited,False
axis_sharp_step_sine_fake,120,16,4.918,0.14,0.931,0.019,1.764,1,startup,fake_write_recorded,True
axis_sharp_step_sine_fake,121,16,8.134,0.12,1.656,0.019,3.573,1,startup,skipped_rate_limited,False
axis_sharp_step_sine_fake,122,16,6.301,0.144,0.957,0.019,1.878,1,startup,skipped_rate_limited,False
axis_sharp_step_sine_fake,123,16,8.075,0.426,2.386,0.026,3.966,1,startup,fake_write_recorded,True
axis_sharp_step_sine_fake,124,16,5.705,0.09,0.818,0.026,1.84,1,startup,skipped_rate_limited,False
axis_sharp_step_sine_fake,125,16,7.83,0.102,2.322,0.026,4.258,1,startup,skipped_rate_limited,False
axis_sharp_step_sine_fake,126,16,5.486,0.093,0.986,0.017,1.952,1,startup,fake_write_recorded,True
axis_sharp_step_sine_fake,127,16,7.688,0.146,2.064,0.017,3.617,1,startup,skipped_rate_limited,False
axis_sharp_step_sine_fake,128,16,5.992,0.088,1.299,0.017,2.182,1,startup,skipped_rate_limited,False
axis_sharp_step_sine_fake,129,16,7.917,0.13,1.682,0.073,3.739,1,startup,fake_write_recorded,True
axis_sharp_step_sine_fake,130,16,5.752,0.092,0.789,0.073,1.559,1,startup,skipped_rate_limited,False
axis_sharp_step_sine_fake,131,16,6.368,0.158,1.666,0.073,3.268,1,startup,skipped_rate_limited,False
axis_sharp_step_sine_fake,132,16,5.959,0.09,1.009,0.018,2.029,1,startup,fake_write_recorded,True
axis_sharp_step_sine_fake,133,16,6.772,0.129,1.752,0.018,3.057,1,startup,skipped_rate_limited,False
axis_sharp_step_sine_fake,134,16,4.651,0.084,0.75,0.018,1.48,1,startup,skipped_rate_limited,False
axis_sharp_step_sine_fake,135,16,6.483,0.128,1.446,0.026,2.791,1,startup,fake_write_recorded,True
axis_sharp_step_sine_fake,136,16,4.406,0.09,0.822,0.026,1.596,1,startup,skipped_rate_limited,False
axis_sharp_step_sine_fake,137,16,61.75,0.144,1.303,0.026,2.263,1,startup,skipped_rate_limited,False
axis_sharp_step_sine_fake,138,16,5.856,0.1,1.059,0.018,1.974,1,startup,fake_write_recorded,True
axis_sharp_step_sine_fake,139,16,7.276,0.174,1.79,0.018,3.495,1,startup,skipped_rate_limited,False
axis_sharp_step_sine_fake,140,16,4.581,0.091,0.862,0.018,1.626,1,startup,skipped_rate_limited,False
axis_sharp_step_sine_fake,141,16,6.667,0.106,1.425,0.088,2.52,1,startup,fake_write_recorded,True
axis_sharp_step_sine_fake,142,16,4.923,0.092,0.771,0.088,1.772,1,startup,skipped_rate_limited,False
axis_sharp_step_sine_fake,143,16,6.009,0.131,0.762,0.088,1.694,1,startup,skipped_rate_limited,False
axis_sharp_step_sine_fake,144,16,5.459,0.137,1.277,0.018,2.458,1,startup,fake_write_recorded,True
axis_sharp_step_sine_fake,145,16,4.556,0.113,0.874,0.018,1.639,1,startup,skipped_rate_limited,False
axis_sharp_step_sine_fake,146,16,7.258,0.172,1.297,0.018,3.919,1,startup,skipped_rate_limited,False
axis_sharp_step_sine_fake,147,16,4.681,0.107,1.03,0.016,2.352,1,startup,fake_write_recorded,True
axis_sharp_step_sine_fake,148,16,6.537,0.094,1.264,0.016,2.217,1,startup,skipped_rate_limited,False
axis_sharp_step_sine_fake,149,16,5.006,0.095,0.866,0.016,1.765,1,startup,skipped_rate_limited,False
axis_sharp_step_sine_fake,150,16,24.215,0.146,1.305,0.03,2.377,1,startup,fake_write_recorded,True
axis_sharp_step_sine_fake,151,16,4.54,0.1,0.812,0.03,1.732,1,startup,skipped_rate_limited,False
axis_sharp_step_sine_fake,152,16,7.665,0.114,1.619,0.03,2.648,1,startup,skipped_rate_limited,False
axis_sharp_step_sine_fake,153,16,5.059,0.1,0.897,0.015,1.967,1,startup,fake_write_recorded,True
axis_sharp_step_sine_fake,154,16,6.258,0.087,1.096,0.015,1.864,1,startup,skipped_rate_limited,False
axis_sharp_step_sine_fake,155,16,5.797,0.172,0.934,0.015,2.421,1,startup,skipped_rate_limited,False
axis_sharp_step_sine_fake,156,16,5.852,0.085,1.195,0.019,1.908,1,startup,fake_write_recorded,True
axis_sharp_step_sine_fake,157,16,5.583,0.133,0.916,0.019,2.367,1,startup,skipped_rate_limited,False
axis_sharp_step_sine_fake,158,16,4.781,0.087,1.037,0.019,1.822,1,startup,skipped_rate_limited,False
axis_sharp_step_sine_fake,159,16,6.358,0.165,1.176,0.025,2.527,1,startup,fake_write_recorded,True
axis_sharp_step_sine_fake,160,16,6.451,0.159,0.912,0.025,2.133,1,startup,skipped_rate_limited,False
axis_sharp_step_sine_fake,161,16,7.802,0.122,1.299,0.025,2.904,1,startup,skipped_rate_limited,False
axis_sharp_step_sine_fake,162,16,5.924,0.161,1.28,0.02,2.673,1,startup,fake_write_recorded,True
axis_sharp_step_sine_fake,163,16,7.249,0.122,1.409,0.02,2.595,1,startup,skipped_rate_limited,False
axis_sharp_step_sine_fake,164,16,7.06,0.356,1.135,0.02,2.721,1,startup,skipped_rate_limited,False
axis_sharp_step_sine_fake,165,16,7.399,0.212,2.317,0.062,3.805,1,startup,fake_write_recorded,True
axis_sharp_step_sine_fake,166,16,5.27,0.087,0.891,0.062,2.079,1,startup,skipped_rate_limited,False
axis_sharp_step_sine_fake,167,16,6.595,0.154,1.264,0.062,2.563,1,startup,skipped_rate_limited,False
axis_sharp_step_sine_fake,168,16,5.119,0.123,1.127,0.018,2.099,1,startup,fake_write_recorded,True
axis_sharp_step_sine_fake,169,16,7.423,0.105,1.137,0.018,2.573,1,startup,skipped_rate_limited,False
axis_sharp_step_sine_fake,170,16,6.568,0.137,1.437,0.018,2.714,1,startup,skipped_rate_limited,False
axis_sharp_step_sine_fake,171,16,7.278,0.142,1.638,0.026,2.792,1,startup,fake_write_recorded,True
axis_sharp_step_sine_fake,172,16,5.08,0.092,0.955,0.026,2.048,1,startup,skipped_rate_limited,False
axis_sharp_step_sine_fake,173,16,7.596,0.393,1.578,0.026,3.068,1,startup,skipped_rate_limited,False
axis_sharp_step_sine_fake,174,16,5.718,0.12,1.093,0.02,1.921,1,startup,fake_write_recorded,True
axis_sharp_step_sine_fake,175,16,8.513,0.086,1.104,0.02,2.422,1,startup,skipped_rate_limited,False
axis_sharp_step_sine_fake,176,16,5.302,0.113,0.795,0.02,1.991,1,startup,skipped_rate_limited,False
axis_sharp_step_sine_fake,177,16,8.353,0.095,1.53,0.025,2.616,1,startup,fake_write_recorded,True
axis_sharp_step_sine_fake,178,16,5.447,0.102,0.942,0.025,1.924,1,startup,skipped_rate_limited,False
axis_sharp_step_sine_fake,179,16,7.267,0.243,1.306,0.025,2.652,1,startup,skipped_rate_limited,False
buttons_toggle_fake,0,40,8.077,0.159,2.406,0.028,3.571,1,startup,fake_write_recorded,True
buttons_toggle_fake,1,40,17.29,0.134,11.284,0.032,12.618,1,startup,fake_write_recorded,True
buttons_toggle_fake,2,40,5.907,0.098,1.096,0.026,2.054,1,startup,fake_write_recorded,True
buttons_toggle_fake,3,40,6.674,0.114,1.367,0.028,2.428,1,startup,fake_write_recorded,True
buttons_toggle_fake,4,40,5.884,0.131,0.964,0.016,2.149,1,startup,fake_write_recorded,True
buttons_toggle_fake,5,40,5.603,0.095,1.462,0.017,2.426,1,startup,fake_write_recorded,True
buttons_toggle_fake,6,40,5.294,0.129,1.008,0.014,2.032,1,startup,fake_write_recorded,True
buttons_toggle_fake,7,40,5.68,0.123,0.927,0.018,1.964,1,startup,fake_write_recorded,True
buttons_toggle_fake,8,40,5.779,0.151,0.996,0.018,1.892,1,startup,fake_write_recorded,True
buttons_toggle_fake,9,40,5.789,0.089,1.282,0.024,2.126,1,startup,fake_write_recorded,True
buttons_toggle_fake,10,40,5.729,0.092,1.133,0.023,1.983,1,startup,fake_write_recorded,True
buttons_toggle_fake,11,40,6.084,0.095,1.6,0.016,2.54,1,startup,fake_write_recorded,True
buttons_toggle_fake,12,40,6.024,0.184,1.074,0.017,2.329,1,startup,fake_write_recorded,True
buttons_toggle_fake,13,40,4.571,0.115,0.919,0.016,1.741,1,startup,fake_write_recorded,True
buttons_toggle_fake,14,40,6.072,0.199,1.222,0.019,2.406,1,startup,fake_write_recorded,True
buttons_toggle_fake,15,40,5.816,0.098,1.429,0.021,2.558,1,startup,fake_write_recorded,True
buttons_toggle_fake,16,40,5.905,0.19,1.573,0.024,2.918,1,startup,fake_write_recorded,True
buttons_toggle_fake,17,40,6.011,0.085,1.192,0.02,2.255,1,startup,fake_write_recorded,True
buttons_toggle_fake,18,40,5.931,0.094,1.684,0.031,2.626,1,startup,fake_write_recorded,True
buttons_toggle_fake,19,40,5.06,0.145,0.926,0.017,1.802,1,startup,fake_write_recorded,True
buttons_toggle_fake,20,40,5.85,0.11,0.915,0.018,2.013,1,startup,fake_write_recorded,True
buttons_toggle_fake,21,40,5.397,0.147,1.127,0.018,2.072,1,startup,fake_write_recorded,True
buttons_toggle_fake,22,40,5.639,0.133,0.982,0.017,2.226,1,startup,fake_write_recorded,True
buttons_toggle_fake,23,40,5.415,0.088,1.614,0.027,2.68,1,startup,fake_write_recorded,True
buttons_toggle_fake,24,40,6.67,0.138,1.594,0.021,2.508,1,startup,fake_write_recorded,True
buttons_toggle_fake,25,40,5.27,0.087,0.916,0.015,1.883,1,startup,fake_write_recorded,True
buttons_toggle_fake,26,40,5.27,0.099,0.866,0.014,1.848,1,startup,fake_write_recorded,True
buttons_toggle_fake,27,40,5.573,0.152,1.173,0.018,2.402,1,startup,fake_write_recorded,True
buttons_toggle_fake,28,40,5.174,0.257,0.934,0.02,2.286,1,startup,fake_write_recorded,True
buttons_toggle_fake,29,40,6.057,0.11,1.366,0.023,2.601,1,startup,fake_write_recorded,True
buttons_toggle_fake,30,40,5.016,0.091,1.042,0.02,1.928,1,startup,fake_write_recorded,True
buttons_toggle_fake,31,40,4.753,0.107,0.871,0.015,1.68,1,startup,fake_write_recorded,True
buttons_toggle_fake,32,40,6.378,0.133,1.714,0.02,2.927,1,startup,fake_write_recorded,True
buttons_toggle_fake,33,40,5.179,0.119,0.961,0.017,2.175,1,startup,fake_write_recorded,True
buttons_toggle_fake,34,40,4.916,0.158,0.984,0.018,1.943,1,startup,fake_write_recorded,True
buttons_toggle_fake,35,40,5.639,0.111,1.316,0.025,2.524,1,startup,fake_write_recorded,True
buttons_toggle_fake,36,40,6.802,0.103,2.167,0.024,2.965,1,startup,fake_write_recorded,True
buttons_toggle_fake,37,40,6.124,0.091,0.813,0.015,1.641,1,startup,fake_write_recorded,True
buttons_toggle_fake,38,40,6.391,0.086,1.125,0.025,2.308,1,startup,fake_write_recorded,True
buttons_toggle_fake,39,40,6.101,0.096,1.15,0.018,2.337,1,startup,fake_write_recorded,True
buttons_toggle_fake,40,40,6.394,0.12,1.583,0.023,2.732,1,startup,fake_write_recorded,True
buttons_toggle_fake,41,40,6.206,0.119,1.21,0.019,2.446,1,startup,fake_write_recorded,True
buttons_toggle_fake,42,40,8.413,0.094,1.237,0.019,2.072,1,startup,fake_write_recorded,True
buttons_toggle_fake,43,40,6.823,0.099,0.842,0.014,1.965,1,startup,fake_write_recorded,True
buttons_toggle_fake,44,40,6.29,0.098,1.47,0.017,2.823,1,startup,fake_write_recorded,True
math_stage_stress_fake,0,40,6.002,0.106,1.023,0.021,2.086,1,startup,fake_write_recorded,True
math_stage_stress_fake,1,40,5.445,0.103,1.004,0.019,1.848,1,startup,fake_write_recorded,True
math_stage_stress_fake,2,40,5.848,0.106,0.892,0.014,2.094,1,startup,fake_write_recorded,True
math_stage_stress_fake,3,40,5.575,0.097,1.207,0.018,2.333,1,startup,fake_write_recorded,True
math_stage_stress_fake,4,40,6.762,0.162,1.735,0.02,2.958,1,startup,fake_write_recorded,True
math_stage_stress_fake,5,40,6.274,0.141,1.003,0.018,2.048,1,startup,fake_write_recorded,True
math_stage_stress_fake,6,40,8.416,0.17,1.661,0.046,3.258,1,startup,fake_write_recorded,True
math_stage_stress_fake,7,40,4.675,0.094,0.939,0.015,1.767,1,startup,fake_write_recorded,True
math_stage_stress_fake,8,40,7.021,0.125,1.535,0.023,2.741,1,startup,fake_write_recorded,True
math_stage_stress_fake,9,40,5.994,0.222,1.27,0.024,2.684,1,startup,fake_write_recorded,True
math_stage_stress_fake,10,40,6.488,0.089,1.763,0.024,2.81,1,startup,fake_write_recorded,True
math_stage_stress_fake,11,40,6.037,0.131,1.443,0.028,2.781,1,startup,fake_write_recorded,True
math_stage_stress_fake,12,40,6.605,0.12,1.849,0.02,3.101,1,startup,fake_write_recorded,True
math_stage_stress_fake,13,40,6.001,0.533,1.04,0.016,2.81,1,startup,fake_write_recorded,True
math_stage_stress_fake,14,40,6.757,0.084,2.299,0.02,3.433,1,startup,fake_write_recorded,True
math_stage_stress_fake,15,40,6.37,0.103,1.866,0.032,2.988,1,startup,fake_write_recorded,True
math_stage_stress_fake,16,40,7.631,0.123,1.651,0.021,2.997,1,startup,fake_write_recorded,True
math_stage_stress_fake,17,40,5.528,0.115,1.163,0.027,2.117,1,startup,fake_write_recorded,True
math_stage_stress_fake,18,40,5.888,0.28,1.357,0.019,2.552,1,startup,fake_write_recorded,True
math_stage_stress_fake,19,40,6.251,0.15,1.337,0.022,2.583,1,startup,fake_write_recorded,True
math_stage_stress_fake,20,40,7.679,0.119,1.397,0.02,2.996,1,startup,fake_write_recorded,True
math_stage_stress_fake,21,40,7.259,0.099,1.369,0.021,2.941,1,startup,fake_write_recorded,True
math_stage_stress_fake,22,40,8.119,0.088,1.943,0.024,2.94,1,startup,fake_write_recorded,True
math_stage_stress_fake,23,40,7.852,0.117,1.626,0.027,2.863,1,startup,fake_write_recorded,True
math_stage_stress_fake,24,40,7.218,0.108,1.644,0.021,2.933,1,startup,fake_write_recorded,True
math_stage_stress_fake,25,40,7.538,0.185,1.433,0.018,3.245,1,startup,fake_write_recorded,True
math_stage_stress_fake,26,40,6.902,0.222,1.788,0.018,3.086,1,startup,fake_write_recorded,True
math_stage_stress_fake,27,40,5.375,0.343,0.881,0.015,2.2,1,startup,fake_write_recorded,True
math_stage_stress_fake,28,40,7.174,0.127,1.335,0.023,2.753,1,startup,fake_write_recorded,True
math_stage_stress_fake,29,40,6.338,0.122,1.334,0.026,2.662,1,startup,fake_write_recorded,True
math_stage_stress_fake,30,40,7.45,0.314,0.965,0.017,2.308,1,startup,fake_write_recorded,True
math_stage_stress_fake,31,40,6.891,0.142,1.14,0.019,2.568,1,startup,fake_write_recorded,True
math_stage_stress_fake,32,40,7.604,0.093,1.65,0.022,2.862,1,startup,fake_write_recorded,True
math_stage_stress_fake,33,40,6.709,0.113,1.278,0.023,2.293,1,startup,fake_write_recorded,True
math_stage_stress_fake,34,40,12.489,0.723,2.583,0.026,5.823,1,startup,fake_write_recorded,True
math_stage_stress_fake,35,40,12.101,0.478,2.954,0.044,6.735,1,startup,fake_write_recorded,True
math_stage_stress_fake,36,40,6.661,0.099,1.065,0.031,1.918,1,startup,fake_write_recorded,True
math_stage_stress_fake,37,40,7.185,0.097,1.779,0.029,3.038,1,startup,fake_write_recorded,True
math_stage_stress_fake,38,40,6.363,0.094,1.553,0.024,2.434,1,startup,fake_write_recorded,True
math_stage_stress_fake,39,40,6.758,0.265,1.123,0.018,3.072,1,startup,fake_write_recorded,True
math_stage_stress_fake,40,40,7.556,0.14,1.612,0.022,2.784,1,startup,fake_write_recorded,True
math_stage_stress_fake,41,40,6.4,0.096,1.622,0.036,2.647,1,startup,fake_write_recorded,True
math_stage_stress_fake,42,40,7.61,0.217,1.452,0.019,3.356,1,startup,fake_write_recorded,True
math_stage_stress_fake,43,40,6.298,0.131,1.264,0.024,2.447,1,startup,fake_write_recorded,True
math_stage_stress_fake,44,40,8.394,0.213,1.503,0.033,2.986,1,startup,fake_write_recorded,True
math_stage_stress_fake,45,40,5.479,0.094,1.311,0.022,2.19,1,startup,fake_write_recorded,True
math_stage_stress_fake,46,40,7.375,0.108,1.775,0.029,2.917,1,startup,fake_write_recorded,True
math_stage_stress_fake,47,40,6.571,0.114,1.469,0.021,2.488,1,startup,fake_write_recorded,True
math_stage_stress_fake,48,40,7.517,0.111,1.257,0.025,2.275,1,startup,fake_write_recorded,True
math_stage_stress_fake,49,40,6.019,0.098,1.194,0.018,2.437,1,startup,fake_write_recorded,True
math_stage_stress_fake,50,40,7.937,0.111,2.46,0.027,3.708,1,startup,fake_write_recorded,True
math_stage_stress_fake,51,40,6.203,0.099,1.103,0.018,2.198,1,startup,fake_write_recorded,True
math_stage_stress_fake,52,40,7.079,0.096,1.102,0.017,2.246,1,startup,fake_write_recorded,True
math_stage_stress_fake,53,40,6.315,0.094,0.965,0.015,1.866,1,startup,fake_write_recorded,True
math_stage_stress_fake,54,40,8.25,0.12,1.377,0.019,2.694,1,startup,fake_write_recorded,True
math_stage_stress_fake,55,40,8.4,0.135,1.471,0.112,2.891,1,startup,fake_write_recorded,True
math_stage_stress_fake,56,40,8.622,0.101,2.239,0.03,3.965,1,startup,fake_write_recorded,True
math_stage_stress_fake,57,40,5.534,0.097,0.89,0.014,1.745,1,startup,fake_write_recorded,True
math_stage_stress_fake,58,40,6.346,0.128,1.557,0.022,2.953,1,startup,fake_write_recorded,True
math_stage_stress_fake,59,40,6.619,0.099,1.402,0.021,2.488,1,startup,fake_write_recorded,True
math_stage_stress_fake,60,40,7.467,0.1,1.903,0.024,3.333,1,startup,fake_write_recorded,True
math_stage_stress_fake,61,40,9.69,0.162,1.849,0.025,3.79,1,startup,fake_write_recorded,True
math_stage_stress_fake,62,40,6.748,0.131,1.401,0.02,3.284,1,startup,fake_write_recorded,True
math_stage_stress_fake,63,40,8.555,0.099,2.156,0.027,3.473,1,startup,fake_write_recorded,True
math_stage_stress_fake,64,40,6.263,0.132,1.318,0.02,2.573,1,startup,fake_write_recorded,True
math_stage_stress_fake,65,40,7.518,0.141,2.59,0.02,4.17,1,startup,fake_write_recorded,True
math_stage_stress_fake,66,40,6.241,0.132,0.978,0.015,2.191,1,startup,fake_write_recorded,True
math_stage_stress_fake,67,40,7.683,0.177,2.054,0.051,3.335,1,startup,fake_write_recorded,True
math_stage_stress_fake,68,40,7.187,0.122,0.921,0.021,1.808,1,startup,fake_write_recorded,True
math_stage_stress_fake,69,40,6.266,0.11,1.124,0.017,2.136,1,startup,fake_write_recorded,True
math_stage_stress_fake,70,40,7.306,0.122,1.26,0.019,2.207,1,startup,fake_write_recorded,True
math_stage_stress_fake,71,40,6.672,0.102,1.59,0.047,2.771,1,startup,fake_write_recorded,True
math_stage_stress_fake,72,40,7.23,0.091,1.233,0.018,2.407,1,startup,fake_write_recorded,True
math_stage_stress_fake,73,40,5.976,0.095,1.392,0.034,2.36,1,startup,fake_write_recorded,True
math_stage_stress_fake,74,40,7.172,0.093,1.472,0.044,2.568,1,startup,fake_write_recorded,True
math_stage_stress_fake,75,40,6.301,0.129,0.983,0.019,2.158,1,startup,fake_write_recorded,True
math_stage_stress_fake,76,40,6.095,0.254,1.119,0.016,2.428,1,startup,fake_write_recorded,True
math_stage_stress_fake,77,40,4.985,0.088,1.14,0.021,1.97,1,startup,fake_write_recorded,True
math_stage_stress_fake,78,40,6.599,0.131,1.304,0.024,2.219,1,startup,fake_write_recorded,True
math_stage_stress_fake,79,40,4.903,0.112,1.044,0.017,2.016,1,startup,fake_write_recorded,True
math_stage_stress_fake,80,40,6.498,0.11,1.136,0.017,2.435,1,startup,fake_write_recorded,True
math_stage_stress_fake,81,40,5.094,0.094,0.925,0.015,1.883,1,startup,fake_write_recorded,True
math_stage_stress_fake,82,40,5.038,0.085,0.902,0.02,1.744,1,startup,fake_write_recorded,True
math_stage_stress_fake,83,40,5.922,0.151,0.925,0.019,2.076,1,startup,fake_write_recorded,True
math_stage_stress_fake,84,40,4.937,0.105,0.961,0.017,1.883,1,startup,fake_write_recorded,True
math_stage_stress_fake,85,40,6.815,0.136,1.445,0.023,2.835,1,startup,fake_write_recorded,True
math_stage_stress_fake,86,40,5.494,0.091,1.386,0.021,2.283,1,startup,fake_write_recorded,True
math_stage_stress_fake,87,40,7.816,0.356,1.515,0.028,3.348,1,startup,fake_write_recorded,True
math_stage_stress_fake,88,40,5.75,0.191,1.063,0.017,2.016,1,startup,fake_write_recorded,True
math_stage_stress_fake,89,40,7.239,0.098,1.284,0.021,2.543,1,startup,fake_write_recorded,True
math_stage_stress_fake,90,40,5.713,0.101,1.437,0.018,2.351,1,startup,fake_write_recorded,True
math_stage_stress_fake,91,40,6.988,0.164,1.332,0.062,2.542,1,startup,fake_write_recorded,True
math_stage_stress_fake,92,40,6.499,0.123,1.526,0.026,2.748,1,startup,fake_write_recorded,True
math_stage_stress_fake,93,40,6.475,0.269,1.051,0.017,2.539,1,startup,fake_write_recorded,True
math_stage_stress_fake,94,40,6.974,0.13,1.28,0.018,2.518,1,startup,fake_write_recorded,True
math_stage_stress_fake,95,40,6.035,0.217,1.129,0.021,2.353,1,startup,fake_write_recorded,True
mapping_variant_fake,0,40,6.554,0.084,0.899,0.026,2.082,1,startup,fake_write_recorded,True
mapping_variant_fake,1,40,7.154,0.178,1.642,0.019,3.791,1,startup,fake_write_recorded,True
axis_sine_real_vjoy,0,34,9.185,0.108,2.708,1.033,4.37,1,startup,real_write_succeeded,True
axis_sine_real_vjoy,1,34,9.064,0.369,2.83,1.112,4.892,1,startup,real_write_succeeded,True
axis_sine_real_vjoy,2,34,9.618,0.088,4.326,1.806,5.874,1,startup,real_write_succeeded,True
axis_sine_real_vjoy,3,34,7.994,0.161,2.836,0.961,4.575,1,startup,real_write_succeeded,True
axis_sine_real_vjoy,4,34,8.568,0.143,3.143,1.159,4.962,1,startup,real_write_succeeded,True
axis_sine_real_vjoy,5,34,8.99,0.091,2.613,0.831,4.423,1,startup,real_write_succeeded,True
axis_sine_real_vjoy,6,34,8.399,0.129,3.073,1.323,4.79,1,startup,real_write_succeeded,True
axis_sine_real_vjoy,7,34,8.602,0.141,3.646,1.376,5.314,1,startup,real_write_succeeded,True
axis_sine_real_vjoy,8,34,8.671,0.107,2.709,0.764,4.402,1,startup,real_write_succeeded,True
axis_sine_real_vjoy,9,34,7.949,0.161,2.255,0.587,4.098,1,startup,real_write_succeeded,True
axis_sine_real_vjoy,10,34,8.792,0.143,3.449,0.868,5.304,1,startup,real_write_succeeded,True
axis_sine_real_vjoy,11,34,9.55,0.154,3.639,1.459,5.391,1,startup,real_write_succeeded,True
axis_sine_real_vjoy,12,34,10.171,0.101,3.336,0.933,5.103,1,startup,real_write_succeeded,True
axis_sine_real_vjoy,13,34,9.564,0.114,3.795,1.691,5.417,1,startup,real_write_succeeded,True
axis_sine_real_vjoy,14,34,9.354,0.144,2.758,0.95,4.915,1,startup,real_write_succeeded,True
axis_sine_real_vjoy,15,34,8.949,0.129,2.677,1.068,4.671,1,startup,real_write_succeeded,True
axis_sine_real_vjoy,16,34,9.669,0.092,3.936,1.276,5.49,1,startup,real_write_succeeded,True
axis_sine_real_vjoy,17,34,11.556,0.095,2.919,0.735,5.351,1,startup,real_write_succeeded,True
axis_sine_real_vjoy,18,34,8.926,0.117,3.489,1.294,5.238,1,startup,real_write_succeeded,True
axis_sine_real_vjoy,19,34,10.241,0.128,3.986,0.916,6.536,1,startup,real_write_succeeded,True
axis_sine_real_vjoy,20,34,8.562,0.136,2.336,0.819,3.92,1,startup,real_write_succeeded,True
axis_sine_real_vjoy,21,34,8.199,0.137,3.048,1.205,4.533,1,startup,real_write_succeeded,True
axis_sine_real_vjoy,22,34,11.584,0.258,4.57,0.799,6.882,1,startup,real_write_succeeded,True
axis_sine_real_vjoy,23,34,10.665,0.113,3.461,1.55,5.186,1,startup,real_write_succeeded,True
axis_sine_real_vjoy,24,34,9.878,0.123,4.061,1.764,6.078,1,startup,real_write_succeeded,True
axis_sine_real_vjoy,25,34,8.904,0.14,3.172,1.139,4.844,1,startup,real_write_succeeded,True
axis_sine_real_vjoy,26,34,9.63,0.087,3.606,1.641,5.085,1,startup,real_write_succeeded,True
axis_sine_real_vjoy,27,34,11.467,0.183,3.564,1.788,5.116,1,startup,real_write_succeeded,True
axis_sine_real_vjoy,28,34,9.278,0.165,2.677,0.936,5.045,1,startup,real_write_succeeded,True
axis_sine_real_vjoy,29,34,9.936,0.247,3.767,0.764,6.128,1,startup,real_write_succeeded,True
axis_sine_real_vjoy,30,34,10.084,0.09,4.003,1.9,5.721,1,startup,real_write_succeeded,True
axis_sine_real_vjoy,31,34,10.647,0.156,4.013,2.208,6.183,1,startup,real_write_succeeded,True
axis_sine_real_vjoy,32,34,8.865,0.141,3.255,1.045,5.139,1,startup,real_write_succeeded,True
axis_sine_real_vjoy,33,34,10.465,0.113,4.366,1.211,5.929,1,startup,real_write_succeeded,True
axis_sine_real_vjoy,34,34,9.107,0.112,2.807,0.991,4.311,1,startup,real_write_succeeded,True
axis_sine_real_vjoy,35,34,8.758,0.136,3.112,1.351,4.987,1,startup,real_write_succeeded,True
axis_sine_real_vjoy,36,34,12.248,0.09,4.22,1.871,6.096,1,startup,real_write_succeeded,True
axis_sine_real_vjoy,37,34,10.235,0.121,2.707,0.993,4.813,1,startup,real_write_succeeded,True
axis_sine_real_vjoy,38,34,9.307,0.128,3.548,1.208,5.693,1,startup,real_write_succeeded,True
axis_sine_real_vjoy,39,34,10.569,0.167,3.924,1.143,6.912,1,startup,real_write_succeeded,True
axis_sine_real_vjoy,40,34,10.689,0.122,4.235,1.542,6.156,1,startup,real_write_succeeded,True
axis_sine_real_vjoy,41,34,8.208,0.119,3.013,1.001,4.937,1,startup,real_write_succeeded,True
axis_sine_real_vjoy,42,34,9.577,0.202,3.756,1.267,5.908,1,startup,real_write_succeeded,True
axis_sine_real_vjoy,43,34,11.761,0.111,5.564,1.86,7.105,1,startup,real_write_succeeded,True
axis_sine_real_vjoy,44,34,7.605,0.091,2.742,0.919,4.002,1,startup,real_write_succeeded,True
axis_sine_real_vjoy,45,34,8.432,0.129,2.845,1.03,4.513,1,startup,real_write_succeeded,True
axis_sine_real_vjoy,46,34,8.993,0.088,2.491,0.929,4.377,1,startup,real_write_succeeded,True
axis_sine_real_vjoy,47,34,8.428,0.095,3.052,1.2,4.691,1,startup,real_write_succeeded,True
axis_sine_real_vjoy,48,34,8.539,0.153,3.425,0.958,5.118,1,startup,real_write_succeeded,True
axis_sine_real_vjoy,49,34,10.954,0.095,3.931,1.396,5.644,1,startup,real_write_succeeded,True
axis_sine_real_vjoy,50,34,9.156,0.159,2.693,0.797,4.584,1,startup,real_write_succeeded,True
axis_sine_real_vjoy,51,34,8.319,0.164,2.756,0.896,4.846,1,startup,real_write_succeeded,True
axis_sine_real_vjoy,52,34,10.258,0.132,3.052,0.979,4.92,1,startup,real_write_succeeded,True
axis_sine_real_vjoy,53,34,8.562,0.137,3.194,1.119,4.744,1,startup,real_write_succeeded,True
axis_sine_real_vjoy,54,34,8.256,0.144,3.041,0.96,5.007,1,startup,real_write_succeeded,True
axis_sine_real_vjoy,55,34,9.229,0.089,3.269,1.285,4.639,1,startup,real_write_succeeded,True
axis_sine_real_vjoy,56,34,8.142,0.186,2.883,1.146,4.668,1,startup,real_write_succeeded,True
axis_sine_real_vjoy,57,34,8.892,0.092,3.282,1.394,4.772,1,startup,real_write_succeeded,True
axis_sine_real_vjoy,58,34,7.95,0.099,3.063,1.215,4.346,1,startup,real_write_succeeded,True
axis_sine_real_vjoy,59,34,9.284,0.14,3.451,0.674,5.609,1,startup,real_write_succeeded,True
axis_sine_real_vjoy,60,34,10.912,0.212,3.158,1.429,5.398,1,startup,real_write_succeeded,True
axis_sine_real_vjoy,61,34,10.569,0.123,3.509,1.114,5.308,1,startup,real_write_succeeded,True
axis_sine_real_vjoy,62,34,9.405,0.142,3.55,1.298,5.491,1,startup,real_write_succeeded,True
axis_sine_real_vjoy,63,34,10.335,0.127,4.479,1.727,6.338,1,startup,real_write_succeeded,True
axis_sine_real_vjoy,64,34,8.678,0.2,2.699,1.065,4.355,1,startup,real_write_succeeded,True
axis_sine_real_vjoy,65,34,9.97,0.195,3.102,0.899,5.765,1,startup,real_write_succeeded,True
axis_sine_real_vjoy,66,34,10.273,0.115,4.545,1.6,6.717,1,startup,real_write_succeeded,True
axis_sine_real_vjoy,67,34,8.406,0.09,2.546,1.105,4.101,1,startup,real_write_succeeded,True
axis_sine_real_vjoy,68,34,8.9,0.093,2.911,1.293,4.984,1,startup,real_write_succeeded,True
axis_sine_real_vjoy,69,34,10.593,0.09,4.231,1.543,5.728,1,startup,real_write_succeeded,True
axis_sine_real_vjoy,70,34,9.143,0.106,2.959,1.241,4.405,1,startup,real_write_succeeded,True
axis_sine_real_vjoy,71,34,8.486,0.128,2.927,1.172,5.073,1,startup,real_write_succeeded,True
buttons_toggle_real_vjoy,0,40,12.385,0.112,6.262,1.391,8.499,1,startup,real_write_succeeded,True
buttons_toggle_real_vjoy,1,40,10.17,0.105,2.673,0.833,4.238,1,startup,real_write_succeeded,True
buttons_toggle_real_vjoy,2,40,7.17,0.093,2.524,0.928,4.01,1,startup,real_write_succeeded,True
buttons_toggle_real_vjoy,3,40,10.606,0.09,4.725,0.819,7.457,1,startup,real_write_succeeded,True
buttons_toggle_real_vjoy,4,40,12.575,0.09,2.586,1.003,4.208,1,startup,real_write_succeeded,True
buttons_toggle_real_vjoy,5,40,8.321,0.093,2.473,0.813,3.822,1,startup,real_write_succeeded,True
buttons_toggle_real_vjoy,6,40,9.049,0.223,2.596,1.096,5.733,1,startup,real_write_succeeded,True
buttons_toggle_real_vjoy,7,40,11.477,0.15,4.441,1.911,6.408,1,startup,real_write_succeeded,True
buttons_toggle_real_vjoy,8,40,7.565,0.12,2.773,0.933,4.087,1,startup,real_write_succeeded,True
buttons_toggle_real_vjoy,9,40,11.8,0.172,4.327,0.866,7.397,1,startup,real_write_succeeded,True
buttons_toggle_real_vjoy,10,40,8.917,0.124,3.554,1.713,5.3,1,startup,real_write_succeeded,True
buttons_toggle_real_vjoy,11,40,7.803,0.121,2.825,1.116,4.148,1,startup,real_write_succeeded,True
buttons_toggle_real_vjoy,12,40,8.758,0.497,3.172,1.168,5.165,1,startup,real_write_succeeded,True
buttons_toggle_real_vjoy,13,40,9.701,0.122,3.133,1.039,4.874,1,startup,real_write_succeeded,True
buttons_toggle_real_vjoy,14,40,7.5,0.094,2.821,0.847,4.302,1,startup,real_write_succeeded,True
buttons_toggle_real_vjoy,15,40,10.424,0.122,4.024,1.662,5.878,1,startup,real_write_succeeded,True
buttons_toggle_real_vjoy,16,40,8.085,0.09,2.78,0.809,4.073,1,startup,real_write_succeeded,True
buttons_toggle_real_vjoy,17,40,7.946,0.127,3.152,1.117,4.645,1,startup,real_write_succeeded,True
buttons_toggle_real_vjoy,18,40,8.408,0.095,2.588,0.889,4.011,1,startup,real_write_succeeded,True
buttons_toggle_real_vjoy,19,40,7.133,0.101,2.585,1.051,3.953,1,startup,real_write_succeeded,True
buttons_toggle_real_vjoy,20,40,9.131,0.088,3.251,1.081,4.647,1,startup,real_write_succeeded,True
buttons_toggle_real_vjoy,21,40,8.119,0.121,2.591,0.701,4.366,1,startup,real_write_succeeded,True
buttons_toggle_real_vjoy,22,40,9.219,0.13,3.667,1.501,5.749,1,startup,real_write_succeeded,True
buttons_toggle_real_vjoy,23,40,8.251,0.101,2.509,0.871,4.22,1,startup,real_write_succeeded,True
buttons_toggle_real_vjoy,24,40,7.413,0.105,2.582,0.918,4.219,1,startup,real_write_succeeded,True
buttons_toggle_real_vjoy,25,40,9.082,0.085,3.309,1.065,5.039,1,startup,real_write_succeeded,True
buttons_toggle_real_vjoy,26,40,7.966,0.133,2.575,0.859,4.324,1,startup,real_write_succeeded,True
buttons_toggle_real_vjoy,27,40,9.958,0.237,3.412,1.143,5.483,1,startup,real_write_succeeded,True
buttons_toggle_real_vjoy,28,40,11.559,0.088,4.438,1.63,5.843,1,startup,real_write_succeeded,True
buttons_toggle_real_vjoy,29,40,11.542,0.167,3.038,0.819,4.825,1,startup,real_write_succeeded,True
buttons_toggle_real_vjoy,30,40,8.688,0.092,3.017,1.302,4.55,1,startup,real_write_succeeded,True
buttons_toggle_real_vjoy,31,40,11.466,0.112,4.28,0.918,6.916,1,startup,real_write_succeeded,True
buttons_toggle_real_vjoy,32,40,11.9,0.144,4.294,1.549,6.243,1,startup,real_write_succeeded,True
buttons_toggle_real_vjoy,33,40,63.312,0.128,3.401,1.56,5.177,1,startup,real_write_succeeded,True
buttons_toggle_real_vjoy,34,40,7.984,0.167,2.808,0.882,4.744,1,startup,real_write_succeeded,True
buttons_toggle_real_vjoy,35,40,8.959,0.157,2.975,1.001,5.087,1,startup,real_write_succeeded,True
buttons_toggle_real_vjoy,36,40,8.563,0.091,2.692,1.052,4.179,1,startup,real_write_succeeded,True
buttons_toggle_real_vjoy,37,40,8.342,0.122,2.989,1.311,4.659,1,startup,real_write_succeeded,True
buttons_toggle_real_vjoy,38,40,10.33,0.09,3.813,0.871,5.885,1,startup,real_write_succeeded,True
buttons_toggle_real_vjoy,39,40,9.859,0.143,2.868,0.955,5.056,1,startup,real_write_succeeded,True
buttons_toggle_real_vjoy,40,40,7.931,0.095,2.957,1.219,4.684,1,startup,real_write_succeeded,True
buttons_toggle_real_vjoy,41,40,21.16,0.115,14.305,12.36,16.06,1,startup,real_write_succeeded,True
buttons_toggle_real_vjoy,42,40,8.289,0.105,2.681,0.74,4.465,1,startup,real_write_succeeded,True
buttons_toggle_real_vjoy,43,40,9.487,0.112,3.601,1.631,5.233,1,startup,real_write_succeeded,True
buttons_toggle_real_vjoy,44,40,8.186,0.132,2.786,1.125,4.475,1,startup,real_write_succeeded,True
